id,first_name,last_name,shift
1,Jilleen,Itzkovici,evening
2,Garvy,Whimpenny,morning
3,Elladine,Camel,evening
4,Aubrie,Yukhnini,morning
5,D'arcy,Betham,graveyard
6,Nancey,De Robertis,night
7,Biddy,Blanchard,morning
8,Giovanna,Glanester,night
9,Rodger,Porson,morning
10,Jinny,Pudsey,graveyard
11,Vallie,Bonass,night
12,Barbara-anne,Kollaschek,night
13,Cristionna,Veck,graveyard
14,Tally,Shillabeare,evening
15,Casie,Pedrocchi,night
16,Saree,Mill,graveyard
17,Staford,Kollaschek,graveyard
18,Weidar,Charlwood,morning
19,Errick,Dryden,morning
20,Carlyle,Grayshan,morning
21,Wendie,Rothschild,morning
22,Nathaniel,Fivey,night
23,Duff,Canlin,graveyard
24,Webster,Beckham,graveyard
25,Sigismond,Rizzelli,graveyard
26,Heath,Sparry,morning
27,Dacy,Heilds,night
28,Nerty,Auty,night
29,Doris,Innocent,evening
30,Greer,Dicker,evening
31,Bobbie,Groneway,evening
32,Ariel,Handy,morning
33,Agna,Dawidowsky,graveyard
34,Sherilyn,Derrington,evening
35,Diandra,O'Halloran,graveyard
36,Baxter,Longforth,morning
37,Patricio,Dael,graveyard
38,Alexia,Tudor,graveyard
39,Leta,Collomosse,night
40,Talbot,O'Mailey,evening
41,Stacy,Lundon,night
42,Hollis,Ohrt,evening
43,Gillie,Lorens,night
44,Donall,Bowlands,evening
45,Mahalia,Furphy,night
46,Fielding,Bickerton,morning
47,Ulick,Cornill,morning
48,Roseanna,Saltmarshe,graveyard
49,Alexandra,Balam,graveyard
50,Zedekiah,Cleary,graveyard
51,Hanny,Ridgeway,night
52,Merilyn,Lamminam,evening
53,Callie,Folshom,evening
54,Lucho,Sarson,morning
55,Farly,Tremberth,morning
56,Kordula,Hamlen,evening
57,Sigismondo,Cornier,night
58,Fara,Grinnikov,evening
59,Jan,Scrinage,morning
60,Ivor,Dabner,graveyard
61,Elnar,Jewis,evening
62,Boothe,MacKey,evening
63,Addia,Ivasyushkin,morning
64,Millisent,Hubatsch,morning
65,Drusilla,Frew,evening
66,Decca,Allward,evening
67,Fanchette,Trevains,graveyard
68,Leora,Sabbin,evening
69,Maureen,Jinkins,evening
70,Albertina,Boldison,morning
71,Melessa,Leman,night
72,Gavra,Redwall,graveyard
73,Lazare,Walker,evening
74,Yettie,Adanez,graveyard
75,Melicent,Tace,morning
76,Perry,Corbin,morning
77,Mallory,Bainbridge,morning
78,Shantee,Frane,night
79,Karrah,Lindeman,evening
80,Uriah,Stack,morning
81,Blinnie,McKibben,graveyard
82,Libbey,Toe,evening
83,Madelaine,Gladdis,graveyard
84,Timoteo,McGuinness,morning
85,Reinhard,Boston,evening
86,Darice,Pollak,evening
87,Faulkner,Cridland,graveyard
88,Rabbi,Woodruffe,evening
89,Morie,Bonnette,night
90,Stanislaw,Schwandermann,morning
91,Deloris,Aiers,night
92,Derril,Charters,night
93,Neilla,Keoghane,evening
94,Giorgio,Kemp,graveyard
95,Sigismond,Sobieski,night
96,Genna,Wetherick,morning
97,Juliane,Dilland,evening
98,Finn,Kirkam,morning
99,Katleen,Causey,graveyard
100,Rosabelle,Tesauro,evening
101,Kariotta,Bodycombe,night
102,Robyn,Scollick,night
103,Remy,Purrier,graveyard
104,Kingsley,Macconachy,night
105,Davin,Squeers,morning
106,Leanna,Gadson,evening
107,Eleanora,Bengochea,evening
108,Devlen,Jenyns,graveyard
109,Andie,Brosio,graveyard
110,Ida,Ashdown,morning
111,Melisse,Bromige,morning
112,Rosaline,Coit,night
113,Koenraad,Maron,evening
114,Waldemar,Rubinlicht,graveyard
115,Annalise,Lewinton,morning
116,Agnesse,Newis,evening
117,Ron,Troy,night
118,Bertram,Trew,night
119,Ondrea,Tennock,graveyard
120,Ruthi,Marquese,night
121,Leah,Markwelley,morning
122,Charles,Doiley,graveyard
123,Duky,Sill,night
124,Jessie,Gerbel,morning
125,Raffarty,Duffie,evening
126,Boonie,Jickles,night
127,Charyl,Ing,morning
128,Rois,Patershall,night
129,Drake,Seel,night
130,Vinny,Crown,night
131,Codie,Kloster,graveyard
132,Delinda,O'Garmen,morning
133,Erich,D'Andrea,night
134,Caprice,Scamadin,evening
135,Rodge,Raylton,night
136,Ludwig,Goulder,morning
137,Jan,Lympany,morning
138,Roch,Wallman,graveyard
139,Abner,Fortune,night
140,Raf,Gresty,night
141,Codi,Maisey,morning
142,Patrica,Kelwick,evening
143,Kathye,Manoch,night
144,Jeana,Duffit,night
145,Cale,Reijmers,night
146,Nikolos,Huet,morning
147,Zerk,Polglaze,evening
148,Bernadine,Halworth,evening
149,Erhard,Pauleit,night
150,Orren,Castelin,graveyard
151,Clarita,Tuffell,evening
152,Matthias,de Cullip,graveyard
153,Gibbie,Babington,night
154,Candice,Barsby,graveyard
155,Gussie,Bullcock,graveyard
156,Tami,Millhill,night
157,Francyne,Bentote,night
158,Emilie,Sambles,night
159,Carlen,Unwins,graveyard
160,Lishe,Kummerlowe,graveyard
161,Peg,Bourdas,evening
162,Lazaro,Exell,morning
163,Ermina,Cater,evening
164,Mandel,Trimme,evening
165,Harry,Trowell,night
166,Hillyer,Maccrie,night
167,Cody,Deamer,evening
168,Joellen,Edmott,night
169,Elisa,Harsnep,graveyard
170,Jermaine,Spere,night
171,Ferne,Eede,evening
172,Parke,Legerton,graveyard
173,Bax,Belham,evening
174,Mortie,Royall,morning
175,Fanya,Highton,morning
176,Merrie,Salzberger,morning
177,Man,Biagini,morning
178,Rory,Hamfleet,evening
179,Elisabet,Cronkshaw,night
180,Nadine,Burles,morning
181,Yard,Brouwer,graveyard
182,Nichole,Raselles,night
183,Sibbie,Chapellow,graveyard
184,Cami,De Lasci,evening
185,Dicky,Hammon,graveyard
186,Torin,Brafferton,evening
187,Hewie,Guihen,morning
188,Artemus,Aldin,evening
189,Erinn,Firbank,night
190,Farrel,MacKeever,night
191,Cindi,Van Halle,night
192,Reine,Furlonge,graveyard
193,Modestia,Yurygyn,evening
194,Lanny,Gates,morning
195,Ricky,MacNair,morning
196,Pooh,Pitcock,evening
197,Early,Mcmanaman,morning
198,Sinclare,Crowd,graveyard
199,Peirce,Cosans,night
200,Con,O'Shavlan,night
201,Alyson,Coste,graveyard
202,Mag,Sidwell,morning
203,Abbye,Cosgry,graveyard
204,Orelie,Leabeater,night
205,Jessee,Alliband,night
206,Nata,Ambrogioni,morning
207,Linell,Klampt,night
208,Julieta,Budnk,night
209,Lynde,Boldison,evening
210,Brandy,Ironside,night
211,Tyne,Millgate,night
212,Olva,Vasechkin,morning
213,Delcine,Morriss,graveyard
214,Fanchon,Helversen,morning
215,Estele,Syratt,morning
216,Quinlan,Edgington,evening
217,Herbert,Louth,night
218,Riordan,Delacour,evening
219,Yehudit,Arnfield,morning
220,Jerrie,Forth,night
221,Hattie,Filipiak,graveyard
222,Maia,Diggles,night
223,Lidia,Franzini,night
224,Jorie,Kringe,graveyard
225,Glad,Merrett,morning
226,Glad,Ioannou,night
227,Carena,Derobert,night
228,Orbadiah,Patria,graveyard
229,Hamlen,Veltmann,morning
230,Guillermo,Ponceford,evening
231,Brena,Edmead,evening
232,Husein,Biaggelli,graveyard
233,Devon,Atchly,graveyard
234,Northrop,Enion,night
235,Stephan,Torfin,morning
236,Ambros,Jandel,morning
237,Janice,Apfel,morning
238,Denney,Oak,morning
239,Angelica,Segot,graveyard
240,Ekaterina,Rennebach,graveyard
241,Standford,Bewsy,evening
242,Eulalie,Brownsell,morning
243,Clem,Sayle,evening
244,Rozelle,Bert,night
245,Tulley,Leuty,graveyard
246,Odell,Bredgeland,morning
247,Aggi,Giffon,graveyard
248,Jeremy,Zapata,evening
249,Helenelizabeth,Crowdace,evening
250,Tan,Mack,graveyard
251,Henry,Seabridge,graveyard
252,Augie,Paddington,morning
253,Grady,Roots,morning
254,Karlotte,Yerill,graveyard
255,Staford,Briggs,evening
256,Rosco,Redferne,graveyard
257,Sheffy,Kyrkeman,evening
258,Larine,Sawfoot,morning
259,Marchelle,Tulk,graveyard
260,Riva,Dunlea,night
261,Leeann,Simmig,evening
262,Nerti,Robers,night
263,Hanny,Baudrey,night
264,Rozina,Screeton,morning
265,Bobby,Mockett,night
266,Page,Franscioni,morning
267,Sonja,Imlen,evening
268,Dorey,Stronough,evening
269,Jordan,Waddilove,graveyard
270,Ginevra,Gummory,morning
271,Essa,Lyenyng,evening
272,Cleve,Binyon,evening
273,Lynnelle,Zucker,morning
274,Rhianon,Chooter,evening
275,Renato,Plaxton,night
276,Fernando,Greasley,night
277,Edeline,Totman,evening
278,Candis,Edwicke,morning
279,Cooper,Hugli,night
280,Gabriel,Ivanikhin,graveyard
281,Adham,Shawdforth,graveyard
282,Cinderella,Tarbet,evening
283,Dorelle,Bigglestone,night
284,Jayme,Arlow,evening
285,Rubi,Cowie,evening
286,Constantine,Egdal,morning
287,Wald,Curl,graveyard
288,Gabrila,Leggott,morning
289,Dame,Tschierasche,morning
290,Rosemarie,Cuesta,graveyard
291,Ailbert,Chetwin,graveyard
292,Pier,Soulsby,graveyard
293,Dot,McEnteggart,night
294,Kathi,Stinchcombe,night
295,Tybi,Clink,morning
296,Christopher,Grimmolby,night
297,Lammond,Tunnadine,morning
298,Eli,Millmore,evening
299,Zacharia,Vale,night
300,Keslie,Buckley,night
301,Meriel,Shurman,evening
302,Carmine,Chaston,morning
303,Lucila,Lethebridge,graveyard
304,Byron,Isselee,evening
305,Lenora,Cowdroy,morning
306,Lindi,Londer,evening
307,Marshal,Mapholm,evening
308,Terrell,Mallebone,night
309,Burr,Parlett,graveyard
310,Kirk,Sighart,graveyard
311,Chalmers,Norman,morning
312,Morse,Yakovliv,night
313,Ellerey,Jaquin,graveyard
314,Adeline,Duetsche,graveyard
315,Annnora,Croxall,morning
316,Lizbeth,Bowerman,morning
317,Humfrid,Blakiston,night
318,Prudi,Langforth,evening
319,Charles,Reason,evening
320,Laurette,McNysche,graveyard
321,Gannon,Custance,morning
322,Kalie,Heningam,morning
323,Raimund,Scutter,evening
324,Blondy,Baldick,graveyard
325,Matelda,Lynthal,night
326,Orton,Harcus,evening
327,Gelya,Angless,night
328,Gennie,Erdis,evening
329,Seka,Decker,graveyard
330,Gregorius,Warrier,graveyard
331,Cece,Zimmermanns,morning
332,Cece,Nelligan,graveyard
333,Lonny,Maharey,morning
334,Candra,Odgers,morning
335,Sheeree,Rigts,evening
336,Markos,Bernardon,evening
337,Valaree,Peniello,graveyard
338,Thibaut,Altimas,evening
339,Tyrus,Kynston,night
340,Mirabelle,Tumayan,night
341,Alexi,Crepel,morning
342,Dag,Dingwall,graveyard
343,Lorine,Doumic,morning
344,Clarice,Torrisi,morning
345,Leonardo,McGiffie,evening
346,Priscilla,Greger,graveyard
347,Kyrstin,Dmitr,graveyard
348,Waylon,Lovart,evening
349,Jarib,Wathan,night
350,Mord,Pentycost,night
351,Rose,MacIntyre,evening
352,Nilson,Clutram,morning
353,Clara,Magrannell,morning
354,Bart,Berrisford,night
355,Nataline,Fettis,morning
356,Koral,Swainsbury,morning
357,Carlie,Ranscombe,night
358,Jacquenetta,Duester,night
359,Silvain,Comley,morning
360,Tris,Cosgrove,graveyard
361,Evan,Cromie,morning
362,Donall,Brickhill,morning
363,Winfred,Arkil,graveyard
364,Charmine,Leroy,graveyard
365,Jerrylee,D'Aeth,night
366,Betsy,Orred,night
367,Kris,Redihough,graveyard
368,Alice,Tembey,morning
369,Lula,Sauvain,night
370,Any,Veregan,night
371,Cornie,Montel,graveyard
372,Alisa,Glidder,evening
373,Tim,Crasswell,night
374,Auroora,Harvatt,graveyard
375,Saul,Frier,graveyard
376,Janine,Lever,graveyard
377,Bernita,Ferrucci,night
378,Abbi,Durrand,night
379,Rebekah,Kacheller,graveyard
380,Trix,Redmond,morning
381,Price,Thorns,evening
382,Genovera,Drance,morning
383,Errick,Le Merchant,evening
384,Lillis,Hair,evening
385,Sherri,O'Roan,evening
386,Gilbertine,Aireton,graveyard
387,Katee,Dike,morning
388,Mignon,Kringe,morning
389,Berrie,Meir,morning
390,Matthiew,Bortolozzi,graveyard
391,Adorne,Dyers,night
392,Wynnie,Cargon,evening
393,Vally,Butting,morning
394,Cleon,Sweet,morning
395,Donielle,Tolworthie,morning
396,Claudelle,Corbett,evening
397,Darcie,Netherclift,evening
398,Aimil,Dunne,evening
399,Agace,Hess,morning
400,Mateo,Pehrsson,graveyard
401,Walt,Aubry,night
402,Willie,Glaisner,graveyard
403,Bridget,Genicke,graveyard
404,Fulvia,Griffin,graveyard
405,Merrill,Rootham,graveyard
406,Nev,McCarrell,evening
407,Nesta,Wetherald,morning
408,Clerissa,Angelo,morning
409,Stafani,Allsebrook,morning
410,Jobi,Corse,night
411,Melitta,Blizard,night
412,Pauline,Hame,night
413,Harmonia,Copcott,evening
414,Phyllys,Glede,night
415,Vera,Rosewell,evening
416,Johan,Mutter,evening
417,Pam,Olrenshaw,night
418,Lucita,Ell,night
419,Barbabas,Dyter,morning
420,Cece,Blaze,morning
421,Roman,Hebborne,evening
422,Dido,Menear,morning
423,Olympe,Buckthorpe,graveyard
424,Suki,Demke,evening
425,Ethelred,Sinney,night
426,Stanislas,Perree,morning
427,Deborah,Dovinson,night
428,Davie,Bree,graveyard
429,Darsey,Salaman,graveyard
430,Raddy,Mahedy,evening
431,Roseanne,Romanelli,night
432,Dave,Baldelli,graveyard
433,Lincoln,Dawes,graveyard
434,Latrena,Siemons,evening
435,Carolee,Mardall,morning
436,Manolo,Dufour,evening
437,Portia,Bambridge,graveyard
438,Timothy,Goosey,morning
439,Ermin,Matyasik,evening
440,Donn,Cleeve,evening
441,Cherlyn,Housbey,graveyard
442,Rafaela,Phinnis,night
443,Broddy,Scardafield,morning
444,Laurence,Volkers,morning
445,Ellissa,Scotsbrook,morning
446,Read,Brister,graveyard
447,Shea,Owens,evening
448,David,Krimmer,night
449,Guido,Robelin,night
450,Letti,Myott,night
451,Hettie,Kirtley,graveyard
452,Lelia,Jagielski,morning
453,Brit,Nern,night
454,Aloisia,Phinnessy,graveyard
455,Cammy,Pakes,evening
456,Sheffie,Kleuer,graveyard
457,Arielle,Casement,evening
458,Raven,Twelvetrees,graveyard
459,Hulda,Kamen,morning
460,Blakeley,McClintock,evening
461,Marlo,Mohamed,morning
462,Isa,Coltart,evening
463,Lavinia,Viegas,graveyard
464,Johnette,Costall,evening
465,Frans,Draycott,evening
466,Blisse,Bellocht,graveyard
467,Alick,Pelling,graveyard
468,Nickolai,Spreckley,night
469,Hailee,Stratford,night
470,Penny,Trittam,graveyard
471,Tarah,Northcott,night
472,Deane,Clegg,evening
473,Phelia,Quirke,graveyard
474,Major,Bruineman,evening
475,Shalom,Di Frisco,evening
476,Fairleigh,Kuhlmey,night
477,Templeton,Vaggers,evening
478,Ernaline,Tiebe,graveyard
479,Hermione,Klimov,graveyard
480,Leshia,Savidge,night
481,Alaster,Whitington,graveyard
482,Catherina,Dansken,graveyard
483,Almire,Clashe,evening
484,Shawn,Vicary,night
485,Petra,Heibel,graveyard
486,Keefe,MacDonald,night
487,Kele,Simondson,night
488,Cosetta,Hudel,morning
489,Neal,Pauluzzi,graveyard
490,Darby,Aberdeen,night
491,Phylis,Meyrick,graveyard
492,Martie,Beeden,evening
493,Matty,Klima,night
494,Lina,Bowyer,evening
495,Rudie,Huws,morning
496,Barrett,Mc Cahey,evening
497,Gram,Solesbury,night
498,Ethelda,Mugleston,morning
499,Barris,Block,morning
500,Ardisj,Loughney,graveyard
501,Daron,Chinge,evening
502,Hadley,Couth,evening
503,Ryon,Hedman,morning
504,Anselm,Frie,morning
505,Angelina,Danilishin,graveyard
506,Lorelei,Liepina,morning
507,Leanor,McAlroy,morning
508,Emylee,Boothe,graveyard
509,Aubrie,Hedman,evening
510,Bennie,Mattholie,graveyard
511,Piper,Bugler,morning
512,Kaitlin,Feaviour,morning
513,Riannon,Olman,evening
514,Ebonee,Droogan,morning
515,Welsh,Chander,graveyard
516,Phillipp,Keilty,night
517,Sayres,Goodbairn,morning
518,Issy,Maccari,graveyard
519,Ailene,Pretley,evening
520,Nathanial,Slimings,evening
521,Daffie,Keward,morning
522,Standford,Mowne,morning
523,Ammamaria,Goodyear,evening
524,Onofredo,Tomankiewicz,night
525,Hyacintha,Molder,graveyard
526,Teodoro,Skivington,night
527,Jesse,Woolner,graveyard
528,Ramonda,Danielczyk,graveyard
529,Nealy,Boissier,evening
530,Leese,Draaisma,morning
531,Ringo,Sketh,evening
532,Erin,Braidon,morning
533,Jacklin,Emig,morning
534,Neda,Goode,evening
535,Johannah,Over,night
536,Oneida,Kelsall,morning
537,Barret,Mechell,evening
538,Gordie,Adame,evening
539,Cletus,Canto,graveyard
540,Eleni,Fairfoull,night
541,Merrill,Kinson,graveyard
542,Kaia,Vallender,evening
543,Carmencita,Manuel,morning
544,Panchito,Pennick,evening
545,Bobinette,Powlett,night
546,Arleyne,Lamminam,morning
547,Glynnis,Waterdrinker,graveyard
548,Emery,Gotts,evening
549,Britteny,Neeves,evening
550,Kriste,Frampton,graveyard
551,Bevan,Geraldez,evening
552,Daveta,Churching,evening
553,Melba,Broe,night
554,Odille,Dickerson,evening
555,Stacy,Nuemann,graveyard
556,Herc,Calder,night
557,Mabel,Rosson,evening
558,Jerrie,Bliss,morning
559,Emyle,Liversedge,night
560,Shandeigh,Zeal,graveyard
561,Perla,Urquhart,night
562,Allyn,Rijkeseis,night
563,Alikee,Shower,graveyard
564,Shani,Bontein,night
565,Ellissa,Van Son,graveyard
566,Jose,Halson,night
567,Daveta,Annakin,morning
568,Kelila,Tinwell,morning
569,Thorpe,Silk,morning
570,Lanni,Osbidston,night
571,Sherman,Boxall,graveyard
572,Filippo,Spurr,morning
573,Biddie,Pulford,evening
574,Karole,Lehrmann,morning
575,Myranda,Parker,evening
576,Cheston,Seniour,graveyard
577,Chiquia,Songist,evening
578,Ashbey,Hockell,evening
579,Keefe,Caldero,graveyard
580,Ashlen,Rourke,evening
581,Jenica,La Rosa,night
582,Cecilius,Tebbett,graveyard
583,Krishna,Strathern,graveyard
584,Adella,Dawidowitz,graveyard
585,Stephan,Ashmore,morning
586,Joellen,Bales,night
587,Kimberly,Furse,evening
588,Kayle,Gladbach,evening
589,Vanya,Graalman,morning
590,Teodor,Bolens,graveyard
591,Goldina,Beves,night
592,Aeriell,Chilley,evening
593,Cacilie,Hylton,night
594,Chicky,Ind,evening
595,Arleyne,MacCrossan,evening
596,Audra,Hackin,evening
597,Lynea,Shekle,morning
598,Faun,Fletham,graveyard
599,Bekki,Hutchison,graveyard
600,Fayre,Artindale,morning
601,Red,Churchouse,night
602,Isis,Marusik,graveyard
603,Riannon,Pitone,evening
604,Malissia,Henzer,night
605,Gunner,Gapp,night
606,Anette,Tomisch,morning
607,Zabrina,Bene,night
608,Elisabet,Norwood,graveyard
609,Nicolina,Lunck,morning
610,Serena,Clyne,graveyard
611,Frasquito,Druitt,morning
612,Gaile,Dimitresco,evening
613,Van,Brosel,night
614,Garfield,Tremollet,evening
615,Wood,Althorpe,night
616,Demetris,Ladd,night
617,Weidar,Coghlin,morning
618,Teador,Jaycox,morning
619,Onfre,Beamson,evening
620,Rick,Rookes,evening
621,Jordain,Wanjek,morning
622,Annamaria,Tapscott,night
623,Collin,Jira,morning
624,Johan,Gabby,morning
625,Robinson,Whapples,morning
626,Tedie,Marvell,night
627,Bernard,Hovy,night
628,Celene,Tripett,evening
629,Lorant,Danielut,evening
630,Brett,Woodlands,evening
631,Loraine,Galbraeth,evening
632,Rowan,Inkle,graveyard
633,Brook,Gabbat,evening
634,Jed,Cornall,evening
635,Delores,Marsden,evening
636,Tamera,Antonomoli,night
637,Glenden,Jeeves,evening
638,Ferdinand,O' Scallan,morning
639,Aubrette,Lorent,night
640,Sib,Soro,graveyard
641,Ursala,Brigshaw,night
642,Venus,Arter,morning
643,Sheffie,Capelow,morning
644,Alecia,Santon,morning
645,Hank,Bampford,evening
646,Bancroft,Comford,evening
647,Winnifred,Patington,graveyard
648,Noelani,Pegden,morning
649,Amberly,Wofenden,evening
650,Hedi,Waterland,morning
651,Maximilianus,Corness,graveyard
652,Juieta,Batten,evening
653,Mic,Hallbord,morning
654,Lauren,Gheraldi,evening
655,Edy,Butteris,morning
656,Arnie,Melsom,night
657,Muffin,Comsty,morning
658,Merola,Lamba,evening
659,Doe,Gasquoine,graveyard
660,Mariya,Presdie,evening
661,Adan,Goodburn,night
662,Obidiah,Halling,night
663,Alfi,Joddens,night
664,Laurette,Kellitt,morning
665,Mattie,Lapree,night
666,Denys,Deviney,graveyard
667,Katleen,Pendrigh,evening
668,Juliann,Salvadori,evening
669,Orrin,Edgeson,morning
670,Melba,Anlay,morning
671,Norris,Inglesfield,evening
672,Izaak,Olorenshaw,evening
673,Clifford,Mc Trusty,evening
674,Friedrich,Standering,graveyard
675,Chilton,Palleske,morning
676,Arabelle,Skerm,evening
677,Moyna,MacKaile,morning
678,Karissa,Abramovitch,morning
679,Milka,MacAirt,night
680,Sarajane,Botte,night
681,Merlina,Attrill,morning
682,Edvard,Shears,graveyard
683,Gabriela,Riddiford,night
684,Maisie,Gilardoni,evening
685,Tito,Farndale,morning
686,Delphine,Klain,evening
687,Maegan,Rosencwaig,graveyard
688,Brittany,Clackers,night
689,Cilka,Sterry,graveyard
690,Hobie,D'Agostino,morning
691,Gabbie,Seabridge,graveyard
692,Ursala,Emslie,morning
693,Mimi,Derrell,morning
694,Bliss,Ilieve,night
695,Cosetta,Bishopp,night
696,Alaster,Wheelton,evening
697,Morris,Druitt,morning
698,Jason,Lancashire,night
699,Demetris,McAlinden,graveyard
700,Kory,McClelland,graveyard
701,Jacquelynn,Geraghty,morning
702,Beale,Ping,night
703,Gerrard,Ormston,morning
704,Dianemarie,Pedley,night
705,Legra,Dymoke,graveyard
706,Ealasaid,Bartrap,night
707,Ly,Atteridge,evening
708,Ruthie,Thickin,evening
709,Cristin,Axworthy,night
710,Brigg,Zoren,night
711,Ogden,Zolini,morning
712,Leela,Coleborn,evening
713,Ahmad,Roblin,morning
714,Rosana,Guy,morning
715,Sigfried,Asquez,graveyard
716,Lyon,Hocking,evening
717,Lyn,Brydie,evening
718,Billie,Pavluk,morning
719,Danita,Kydd,night
720,Fanechka,Teas,graveyard
721,Yolande,Northcliffe,graveyard
722,Byron,Jeckells,morning
723,Ondrea,Dobrovolski,morning
724,Farica,Warby,evening
725,Kyle,Lapre,graveyard
726,Eadmund,Morville,graveyard
727,Jefferey,McCallam,morning
728,Steven,Biss,morning
729,Jon,Killik,night
730,Halsy,Southworth,morning
731,Eliza,Leary,night
732,Everard,Checchi,evening
733,Laurent,Benneton,night
734,Ronni,Dirr,morning
735,Caty,Quantick,evening
736,Sib,Hardaway,graveyard
737,Julienne,Capper,graveyard
738,Eve,Stafford,graveyard
739,Liesa,Custard,night
740,Shanie,Mougel,night
741,Jada,Achrameev,graveyard
742,Hester,Giacomozzo,night
743,Tabby,Dixson,morning
744,Kristina,Fagence,graveyard
745,Sol,Ardy,morning
746,Andriana,Windmill,evening
747,Obediah,Normanvill,graveyard
748,Royce,Ambrogioni,evening
749,Moishe,Dockrill,morning
750,Maurizia,Fergyson,graveyard
751,Sollie,Owlner,morning
752,Denver,Stannion,night
753,Emory,Ackerman,graveyard
754,Chicky,Sangwin,morning
755,Dermot,Coggles,graveyard
756,Joice,Postgate,evening
757,Lucita,Manus,night
758,Tessa,Wybourne,night
759,Hillier,Sharpley,morning
760,Craig,Symms,morning
761,Robbyn,Elwell,graveyard
762,Marie,Marfe,morning
763,Neil,Cheek,night
764,Filippo,Ind,night
765,Ken,Jollands,morning
766,Holli,Oldale,evening
767,Janka,McKendry,night
768,Wit,Burberry,night
769,Eva,Nutbrown,evening
770,Doralin,Madgin,night
771,Adamo,O'Rudden,evening
772,Ambrosius,Domange,evening
773,Brendon,Tolchard,graveyard
774,Gaby,Whitnell,night
775,Bard,Meadley,morning
776,Chas,Healings,morning
777,Grover,Fawloe,night
778,Valma,Ewers,evening
779,Frannie,Mainston,evening
780,Sigismund,De Normanville,night
781,Benni,Mateescu,morning
782,Felita,Cliss,graveyard
783,Nerte,Semonin,graveyard
784,Glen,Bachelar,graveyard
785,Tonye,Wandrach,evening
786,Jessi,Gaynsford,evening
787,Lucky,Ewings,morning
788,Freddi,Dobrowolny,night
789,Phelia,Bycraft,morning
790,Merrick,Boni,morning
791,Ofelia,Begin,graveyard
792,Sibylle,Pinyon,evening
793,Dov,Cronin,morning
794,Even,O'Doohaine,graveyard
795,Merrick,Pettigree,night
796,Dana,Bum,graveyard
797,Laney,Carey,night
798,Miguela,Marder,graveyard
799,Raynard,Lee,graveyard
800,Rich,Skeen,evening
801,Jeanna,Fanshaw,night
802,Karalynn,Verrechia,night
803,Ade,Foulis,evening
804,Corinna,McKibben,graveyard
805,Torrey,Langrick,night
806,Zitella,Gaine of England,morning
807,Saunderson,Stuckey,evening
808,Crystal,Fendt,night
809,Erin,Bartle,graveyard
810,Yuma,Trowbridge,evening
811,Emmett,Mattacks,graveyard
812,Aloisia,Jann,morning
813,Stacy,Songer,morning
814,Katherine,Crickmore,morning
815,Brandie,Tezure,graveyard
816,Robin,Hansman,evening
817,Tyler,Guilleton,morning
818,Blakeley,Syplus,night
819,Terence,Gooden,night
820,Claire,Mara,morning
821,Jamie,Rowswell,graveyard
822,Margarita,Bown,morning
823,Alain,Venton,graveyard
824,Kelly,Cossons,evening
825,Fania,Early,morning
826,Mariann,Shemwell,graveyard
827,Greggory,Seeking,evening
828,Cherida,Embra,morning
829,Tait,Kearney,evening
830,Catharina,Bolens,evening
831,Reggis,Elliot,morning
832,Shandra,Shilling,morning
833,Ellsworth,Lindner,graveyard
834,Annetta,Schultheiss,morning
835,Hazel,Funcheon,night
836,Muriel,Karslake,morning
837,Geoffry,Andreasen,night
838,Vasilis,Nabarro,morning
839,Frazier,McGarvey,graveyard
840,Vi,Bordman,morning
841,Jodie,Ewings,night
842,Charlie,Chicotti,morning
843,Daniele,Isselee,evening
844,Tyrus,Entwistle,graveyard
845,Filmore,Shurman,night
846,Ailey,Close,night
847,Faythe,Easlea,night
848,Chrotoem,Chellingworth,morning
849,Tripp,Toulch,night
850,Darya,Billany,graveyard
851,Leonanie,Upston,morning
852,Alanna,Caro,morning
853,Bourke,Siddaley,graveyard
854,Lon,Eckersall,night
855,Gothart,Calendar,graveyard
856,Zacharia,Trenear,evening
857,Robbyn,Grinikhin,evening
858,Launce,Crankshaw,evening
859,Terrill,McGuinness,graveyard
860,Joceline,Lambert,evening
861,Emyle,Brandolini,morning
862,Rickie,De Hooch,morning
863,Harbert,Raatz,morning
864,Gerianna,Moehler,graveyard
865,Alric,Sprules,graveyard
866,Winni,Perrat,morning
867,Merl,Shrawley,morning
868,Andreas,Bowers,morning
869,Loren,Gagin,morning
870,Barron,McGeneay,graveyard
871,Nari,Hammerstone,graveyard
872,Davina,Rasher,graveyard
873,Farlie,McCooke,morning
874,Maryjane,Gresswood,graveyard
875,Marguerite,Charte,evening
876,Nelson,Ricioppo,graveyard
877,Aurilia,O' Concannon,graveyard
878,Robena,Pietrowski,evening
879,Perl,Struys,graveyard
880,Uriel,Stockell,night
881,Jonis,Stickens,morning
882,Justus,Gerbel,night
883,Ossie,Begg,morning
884,Tabina,Teers,graveyard
885,Pauly,Valentino,evening
886,Sherm,Ogelsby,evening
887,Reece,Panter,morning
888,Gianni,Stickels,graveyard
889,Caterina,Melladew,evening
890,Llewellyn,Lugard,night
891,Janice,McKennan,morning
892,Adamo,Edlington,graveyard
893,Moira,Maudlin,evening
894,Fan,Okker,graveyard
895,Stormi,Healings,evening
896,Fred,Hagwood,evening
897,Corrine,Grunnill,evening
898,Alanah,MacElane,evening
899,Berke,Mc Harg,evening
900,Morly,Creamen,evening
901,Louie,Kinglesyd,evening
902,Darlleen,Lapidus,graveyard
903,Crin,McNellis,evening
904,Ally,Bartrum,morning
905,Tommy,Riply,evening
906,Darryl,Napoleone,graveyard
907,Rosalinde,Burdas,morning
908,Cristiano,Simmers,evening
909,Silvan,Child,night
910,Jessica,Tesimon,night
911,Shawna,Franzewitch,graveyard
912,Arnaldo,Hurley,night
913,Shantee,Litster,evening
914,Isador,Kemmett,morning
915,Donia,Terrill,evening
916,Melitta,Keyson,graveyard
917,Kaylyn,Iacovino,morning
918,Justis,Menhci,morning
919,Marj,Gallacher,night
920,Howard,Van Arsdall,evening
921,Emory,Hellwig,morning
922,Sonia,Gounod,graveyard
923,Laurie,Santus,graveyard
924,Lucila,Goghin,night
925,Allissa,Vernazza,night
926,Marysa,Gisborne,night
927,Nanci,Copeland,graveyard
928,Ignatius,Virgoe,morning
929,Nobe,Ashbridge,evening
930,Haslett,Paulisch,graveyard
931,Darlleen,Woodland,graveyard
932,Durante,Vella,morning
933,Caesar,Keavy,night
934,Cordie,Klicher,graveyard
935,Ivar,Marioneau,morning
936,Gypsy,Whitley,graveyard
937,Ozzie,Redman,graveyard
938,Ophelia,Basilone,graveyard
939,Florencia,Melesk,evening
940,Edvard,Novkovic,evening
941,Caitrin,Loughead,night
942,Arni,Dmitrovic,evening
943,Goldi,Baukham,evening
944,Gleda,Grindlay,graveyard
945,Trefor,Drinkall,morning
946,Kit,Bullick,graveyard
947,Sydney,Kareman,night
948,Lyndell,Judkin,evening
949,Cointon,Truelove,graveyard
950,Vere,Tant,night
951,Tremayne,Scading,morning
952,Finley,Lillow,graveyard
953,Jeff,Stanfield,morning
954,Frederik,Gwatkin,night
955,Dewey,Kopelman,graveyard
956,Clementine,Menere,night
957,Cathrine,De Gouy,graveyard
958,Zebulen,Bateup,morning
959,Tiertza,Philcock,night
960,Lacey,Austin,graveyard
961,Henka,Yandle,night
962,Norbert,Struan,night
963,Susy,Camelli,morning
964,Raychel,Scamaden,evening
965,Shaw,Piwall,evening
966,Clarabelle,Freda,evening
967,Allistir,Georg,morning
968,Kessiah,Berriball,night
969,Lief,Menchenton,graveyard
970,Cletus,O'Scandall,evening
971,Marlowe,Calcutt,night
972,Josiah,Van Daalen,morning
973,Dagny,Wither,morning
974,Luciana,Mart,morning
975,Ninon,Tout,graveyard
976,Bella,McVitty,graveyard
977,Nelson,Robertshaw,graveyard
978,Lilith,Ullrich,evening
979,Merrel,Allnutt,evening
980,Sallyanne,Cowhig,night
981,Igor,Ivanshintsev,graveyard
982,Fleurette,Nigh,morning
983,Sandra,Skalls,night
984,Garth,Cullingworth,night
985,Chadd,Ilymanov,evening
986,Ringo,Skotcher,morning
987,Gabbie,Frisby,morning
988,Inigo,Connop,graveyard
989,Nelia,Hanscombe,night
990,Sissy,Raffan,evening
991,Cy,Gosford,evening
992,Thedric,Ethridge,graveyard
993,Mignon,Ithell,morning
994,Livvyy,Wadley,morning
995,Raviv,Rigard,graveyard
996,Levy,Goneau,night
997,Reade,Jeandin,night
998,Janeta,Garnam,morning
999,Shayla,Townsley,morning
1000,Shelley,Farlham,night
